{"cameraMode":{"drawMode":0,"name":"Shaded","section":"Shading Mode"},"sceneLighting":false,"audioPlay":false,"sceneViewState":{"showFog":true,"showMaterialUpdate":false,"showSkybox":true,"showFlares":true,"showImageEffects":true,"showParticleSystems":true},"in2DMode":false,"pivot":{"x":-0.42637714743614199,"y":12.685626983642579,"z":9.964920043945313},"rotation":{"x":-0.10063797235488892,"y":0.003579138545319438,"z":-0.0003616464673541486,"w":-0.9949185252189636},"size":29.3351993560791,"orthographic":false}