{"cameraMode":{"drawMode":0,"name":"Shaded","section":"Shading Mode"},"sceneLighting":false,"audioPlay":false,"sceneViewState":{"showFog":true,"showMaterialUpdate":false,"showSkybox":true,"showFlares":true,"showImageEffects":true,"showParticleSystems":true},"in2DMode":false,"pivot":{"x":-5.013027191162109,"y":1.2305183410644532,"z":-0.9302902221679688},"rotation":{"x":-0.12291350960731507,"y":-0.03661418706178665,"z":0.004538035020232201,"w":-0.9917329549789429},"size":36.92939376831055,"orthographic":false}